,frame,pos_x,pos_y
0,2.0,742.4718221434374,758.2030430607873
1,3.0,762.0662991884857,749.929719797887
2,4.0,764.770454021664,754.2807098409772
3,5.0,744.4871625586854,753.2811032863849
4,6.0,705.4408602150537,754.4895419060244
5,7.0,716.6500226963232,772.5649871387501
6,8.0,746.334974214721,746.2705891545553
7,9.0,779.5341781874039,716.1932411674347
8,10.0,792.9263826606875,710.967937219731
9,11.0,749.7426492649264,694.6886438643863
10,12.0,694.4142401700319,673.4036131774708
11,13.0,664.457272666533,649.4805238190686
12,14.0,679.6458986688967,626.167677190048
13,15.0,718.3273886262713,607.0454805901733
14,16.0,757.6613455791238,593.022013266273
15,17.0,750.8414814814815,571.4528395061728
16,18.0,722.0432951704171,563.2129227529938
17,19.0,715.902968270215,571.7896963493688
18,20.0,759.7967036804246,583.2469446190377
19,21.0,843.0123536594124,588.4695827048768
20,22.0,900.0684452219549,581.5267147751293
21,23.0,896.5363725268938,596.0734973294215
22,24.0,851.7305634938081,625.8796072396863
23,25.0,798.3260372908836,627.7817083056967
24,26.0,772.2261592300962,621.561971420239
25,27.0,766.8224575050417,619.9627628925382
26,28.0,746.8883205456095,605.2467320261437
27,29.0,723.7889349930844,597.4778699861687
28,30.0,723.7802182621908,606.4040613344384
29,31.0,738.9591765036537,600.5630269814502
30,32.0,759.4789767507596,593.3800438131581
31,33.0,784.2753024704774,606.314207056437
32,34.0,818.8078806767587,612.9144404867912
33,35.0,867.4419134396355,611.576993166287
34,36.0,913.8631326744534,609.5895477687931
35,37.0,923.8303196765087,604.5674830243381
36,38.0,878.7403452975921,614.8436316825685
37,39.0,813.7200712060525,641.8946743806556
38,40.0,752.1378307441299,634.6652479250904
39,41.0,723.6176673567977,587.0052449965493
40,42.0,726.9619127050319,562.6930080622741
41,43.0,710.2869258430015,544.5628604382929
42,44.0,668.6099412965798,519.7351327207758
43,45.0,640.5554312701963,517.8348869003231
44,46.0,647.5465494169375,531.3815076785828
45,47.0,674.0746887966804,537.12632549562
46,48.0,688.9951976843629,542.1059140845997
47,49.0,672.9610696028313,554.4671647660243
48,50.0,639.0879277272446,588.5386424107419
49,51.0,613.9315274642588,632.9889641334336
50,52.0,614.2059028437519,643.9187408955602
51,53.0,637.6968337559326,642.8351862687732
52,54.0,655.0076175466246,664.7808641975308
53,55.0,635.3168577335088,689.5790891436446
54,56.0,585.4775877587758,688.7591359135913
55,57.0,546.4518202502844,675.5426052332195
56,58.0,551.6537412545949,688.485770188545
57,59.0,579.0790141804446,692.0186389250108
58,60.0,603.5245891236754,680.4792816803097
59,61.0,620.1131922332521,684.17674970344
60,62.0,613.600298284862,678.348309719115
61,63.0,604.1594093146535,646.0863940426606
62,64.0,598.5505645112601,612.149187949043
63,65.0,582.2470651977605,586.3354403708386
64,66.0,563.2976455162191,555.1122512969614
65,67.0,566.9151536518009,527.8989952406134
66,68.0,580.2833537689029,504.3207216675425
67,69.0,593.907490569427,493.7436680438297
68,70.0,608.5733092876466,494.88409978960016
69,71.0,623.1607432348172,504.4040404040404
70,72.0,643.1833005893909,518.3383104125737
71,73.0,665.2344532279315,529.84209486166
72,74.0,686.5424632592014,556.7008713746911
73,75.0,691.878329586484,583.7646978677021
74,76.0,693.4680351095445,605.8013684428779
75,77.0,714.1602193567511,624.6522899066251
76,78.0,752.663407821229,630.9452203600248
77,79.0,778.258369228444,619.2319957681553
78,80.0,781.527987781596,608.4636120656739
79,81.0,764.8556053811659,589.318086696562
80,82.0,755.748530177867,549.495869613753
81,83.0,780.2606510651065,500.5333783378337
82,84.0,820.6168728908887,455.43697037870265
83,85.0,854.4488737298373,417.9015135365594
84,86.0,856.3875502008032,393.05500573723464
85,87.0,838.4654432960697,378.40209519791887
86,88.0,833.9478387364921,375.7604599612081
87,89.0,839.8145793600339,364.59821996185633
88,90.0,850.8552273203436,335.81863258607444
89,91.0,865.9061090610907,301.92059587262537
90,92.0,876.554811605619,279.47991335171326
91,93.0,881.2506887052342,260.19500196772924
92,94.0,880.197602850664,225.78011013929378
93,95.0,889.909596146721,189.37520069161417
94,96.0,901.504294057025,148.18853773044773
95,97.0,-1.0,-1.0
96,98.0,-1.0,-1.0
97,99.0,-1.0,-1.0
98,100.0,930.8758744394619,130.38971599402092
99,101.0,932.363827940994,154.07090616090244
100,102.0,942.7993618618618,174.77014514514514
101,103.0,956.0854358563608,186.42090508610332
102,104.0,976.1179952390142,171.62304574406485
103,105.0,989.7403207121516,132.46076458752515
104,106.0,-1.0,-1.0
105,107.0,-1.0,-1.0
106,108.0,-1.0,-1.0
107,109.0,-1.0,-1.0
108,110.0,-1.0,-1.0
109,111.0,-1.0,-1.0
110,112.0,-1.0,-1.0
111,113.0,-1.0,-1.0
112,114.0,-1.0,-1.0
113,115.0,-1.0,-1.0
114,116.0,-1.0,-1.0
115,117.0,-1.0,-1.0
116,118.0,-1.0,-1.0
117,119.0,-1.0,-1.0
118,120.0,-1.0,-1.0
119,121.0,-1.0,-1.0
120,122.0,-1.0,-1.0
121,123.0,-1.0,-1.0
122,124.0,-1.0,-1.0
123,125.0,-1.0,-1.0
124,126.0,-1.0,-1.0
125,127.0,-1.0,-1.0
126,128.0,-1.0,-1.0
127,129.0,-1.0,-1.0
128,130.0,-1.0,-1.0
129,131.0,-1.0,-1.0
130,132.0,-1.0,-1.0
131,133.0,-1.0,-1.0
132,134.0,-1.0,-1.0
133,135.0,-1.0,-1.0
134,136.0,-1.0,-1.0
135,137.0,-1.0,-1.0
136,138.0,-1.0,-1.0
137,139.0,-1.0,-1.0
138,140.0,-1.0,-1.0
139,141.0,-1.0,-1.0
140,142.0,-1.0,-1.0
141,143.0,-1.0,-1.0
142,144.0,-1.0,-1.0
143,145.0,-1.0,-1.0
144,146.0,-1.0,-1.0
145,147.0,-1.0,-1.0
146,148.0,-1.0,-1.0
147,149.0,-1.0,-1.0
148,150.0,-1.0,-1.0
149,151.0,-1.0,-1.0
150,152.0,-1.0,-1.0
151,153.0,-1.0,-1.0
152,154.0,-1.0,-1.0
153,155.0,-1.0,-1.0
154,156.0,-1.0,-1.0
155,157.0,-1.0,-1.0
156,158.0,-1.0,-1.0
157,159.0,-1.0,-1.0
158,160.0,-1.0,-1.0
159,161.0,-1.0,-1.0
160,162.0,-1.0,-1.0
161,163.0,-1.0,-1.0
162,164.0,-1.0,-1.0
163,165.0,-1.0,-1.0
164,166.0,-1.0,-1.0
165,167.0,-1.0,-1.0
166,168.0,-1.0,-1.0
167,169.0,-1.0,-1.0
168,170.0,-1.0,-1.0
169,171.0,-1.0,-1.0
170,172.0,-1.0,-1.0
171,173.0,-1.0,-1.0
172,174.0,-1.0,-1.0
173,175.0,-1.0,-1.0
174,176.0,-1.0,-1.0
175,177.0,-1.0,-1.0
176,178.0,-1.0,-1.0
177,179.0,-1.0,-1.0
178,180.0,-1.0,-1.0
179,181.0,-1.0,-1.0
180,182.0,-1.0,-1.0
181,183.0,-1.0,-1.0
182,184.0,-1.0,-1.0
183,185.0,-1.0,-1.0
184,186.0,-1.0,-1.0
185,187.0,-1.0,-1.0
186,188.0,-1.0,-1.0
187,189.0,-1.0,-1.0
188,190.0,-1.0,-1.0
189,191.0,-1.0,-1.0
190,192.0,-1.0,-1.0
191,193.0,-1.0,-1.0
192,194.0,-1.0,-1.0
193,195.0,-1.0,-1.0
194,196.0,-1.0,-1.0
195,197.0,-1.0,-1.0
196,198.0,-1.0,-1.0
197,199.0,-1.0,-1.0
198,200.0,-1.0,-1.0
199,201.0,-1.0,-1.0
200,202.0,-1.0,-1.0
201,203.0,-1.0,-1.0
202,204.0,-1.0,-1.0
203,205.0,-1.0,-1.0
204,206.0,-1.0,-1.0
205,207.0,-1.0,-1.0
206,208.0,-1.0,-1.0
207,209.0,-1.0,-1.0
208,210.0,-1.0,-1.0
209,211.0,-1.0,-1.0
210,212.0,-1.0,-1.0
211,213.0,-1.0,-1.0
212,214.0,-1.0,-1.0
213,215.0,-1.0,-1.0
214,216.0,-1.0,-1.0
215,217.0,-1.0,-1.0
216,218.0,-1.0,-1.0
217,219.0,-1.0,-1.0
218,220.0,-1.0,-1.0
219,221.0,-1.0,-1.0
220,222.0,-1.0,-1.0
221,223.0,-1.0,-1.0
222,224.0,-1.0,-1.0
223,225.0,-1.0,-1.0
224,226.0,-1.0,-1.0
225,227.0,-1.0,-1.0
226,228.0,-1.0,-1.0
227,229.0,-1.0,-1.0
228,230.0,-1.0,-1.0
229,231.0,-1.0,-1.0
230,232.0,-1.0,-1.0
231,233.0,-1.0,-1.0
232,234.0,-1.0,-1.0
233,235.0,-1.0,-1.0
234,236.0,-1.0,-1.0
235,237.0,-1.0,-1.0
236,238.0,-1.0,-1.0
237,239.0,-1.0,-1.0
238,240.0,-1.0,-1.0
239,241.0,-1.0,-1.0
240,242.0,-1.0,-1.0
241,243.0,-1.0,-1.0
242,244.0,-1.0,-1.0
243,245.0,-1.0,-1.0
244,246.0,-1.0,-1.0
245,247.0,-1.0,-1.0
246,248.0,-1.0,-1.0
247,249.0,-1.0,-1.0
248,250.0,-1.0,-1.0
249,251.0,-1.0,-1.0
250,252.0,-1.0,-1.0
251,253.0,-1.0,-1.0
252,254.0,-1.0,-1.0
253,255.0,-1.0,-1.0
254,256.0,-1.0,-1.0
255,257.0,-1.0,-1.0
256,258.0,-1.0,-1.0
257,259.0,-1.0,-1.0
258,260.0,-1.0,-1.0
259,261.0,-1.0,-1.0
260,262.0,-1.0,-1.0
261,263.0,-1.0,-1.0
262,264.0,-1.0,-1.0
263,265.0,-1.0,-1.0
264,266.0,-1.0,-1.0
265,267.0,-1.0,-1.0
266,268.0,-1.0,-1.0
267,269.0,-1.0,-1.0
268,270.0,-1.0,-1.0
269,271.0,-1.0,-1.0
270,272.0,-1.0,-1.0
271,273.0,-1.0,-1.0
272,274.0,-1.0,-1.0
273,275.0,-1.0,-1.0
274,276.0,-1.0,-1.0
275,277.0,-1.0,-1.0
276,278.0,-1.0,-1.0
277,279.0,-1.0,-1.0
278,280.0,-1.0,-1.0
279,281.0,-1.0,-1.0
280,282.0,-1.0,-1.0
281,283.0,-1.0,-1.0
282,284.0,-1.0,-1.0
283,285.0,-1.0,-1.0
284,286.0,-1.0,-1.0
285,287.0,-1.0,-1.0
286,288.0,-1.0,-1.0
287,289.0,-1.0,-1.0
288,290.0,-1.0,-1.0
289,291.0,-1.0,-1.0
290,292.0,-1.0,-1.0
291,293.0,-1.0,-1.0
292,294.0,-1.0,-1.0
293,295.0,-1.0,-1.0
294,296.0,-1.0,-1.0
295,297.0,-1.0,-1.0
296,298.0,-1.0,-1.0
297,299.0,-1.0,-1.0
298,300.0,-1.0,-1.0
299,301.0,-1.0,-1.0
300,302.0,-1.0,-1.0
301,303.0,-1.0,-1.0
302,304.0,-1.0,-1.0
303,305.0,-1.0,-1.0
304,306.0,-1.0,-1.0
305,307.0,-1.0,-1.0
306,308.0,-1.0,-1.0
307,309.0,-1.0,-1.0
308,310.0,-1.0,-1.0
309,311.0,-1.0,-1.0
310,312.0,-1.0,-1.0
311,313.0,-1.0,-1.0
312,314.0,-1.0,-1.0
313,315.0,-1.0,-1.0
314,316.0,-1.0,-1.0
315,317.0,-1.0,-1.0
316,318.0,-1.0,-1.0
317,319.0,-1.0,-1.0
318,320.0,-1.0,-1.0
319,321.0,-1.0,-1.0
320,322.0,-1.0,-1.0
321,323.0,-1.0,-1.0
322,324.0,-1.0,-1.0
323,325.0,-1.0,-1.0
324,326.0,-1.0,-1.0
325,327.0,-1.0,-1.0
326,328.0,-1.0,-1.0
327,329.0,-1.0,-1.0
328,330.0,-1.0,-1.0
329,331.0,-1.0,-1.0
330,332.0,-1.0,-1.0
331,333.0,-1.0,-1.0
332,334.0,-1.0,-1.0
333,335.0,-1.0,-1.0
334,336.0,-1.0,-1.0
335,337.0,-1.0,-1.0
336,338.0,-1.0,-1.0
337,339.0,-1.0,-1.0
338,340.0,-1.0,-1.0
339,341.0,-1.0,-1.0
340,342.0,-1.0,-1.0
341,343.0,-1.0,-1.0
342,344.0,-1.0,-1.0
343,345.0,-1.0,-1.0
344,346.0,-1.0,-1.0
345,347.0,-1.0,-1.0
346,348.0,-1.0,-1.0
347,349.0,-1.0,-1.0
348,350.0,-1.0,-1.0
349,351.0,-1.0,-1.0
350,352.0,-1.0,-1.0
351,353.0,-1.0,-1.0
352,354.0,-1.0,-1.0
353,355.0,-1.0,-1.0
354,356.0,-1.0,-1.0
355,357.0,-1.0,-1.0
356,358.0,-1.0,-1.0
357,359.0,-1.0,-1.0
358,360.0,-1.0,-1.0
359,361.0,-1.0,-1.0
360,362.0,-1.0,-1.0
361,363.0,-1.0,-1.0
362,364.0,-1.0,-1.0
363,365.0,-1.0,-1.0
364,366.0,-1.0,-1.0
365,367.0,-1.0,-1.0
366,368.0,-1.0,-1.0
367,369.0,-1.0,-1.0
368,370.0,-1.0,-1.0
369,371.0,-1.0,-1.0
370,372.0,-1.0,-1.0
371,373.0,-1.0,-1.0
372,374.0,-1.0,-1.0
373,375.0,-1.0,-1.0
374,376.0,-1.0,-1.0
375,377.0,-1.0,-1.0
376,378.0,-1.0,-1.0
377,379.0,-1.0,-1.0
378,380.0,-1.0,-1.0
379,381.0,-1.0,-1.0
380,382.0,-1.0,-1.0
381,383.0,-1.0,-1.0
382,384.0,-1.0,-1.0
383,385.0,-1.0,-1.0
384,386.0,-1.0,-1.0
385,387.0,-1.0,-1.0
386,388.0,-1.0,-1.0
387,389.0,-1.0,-1.0
388,390.0,-1.0,-1.0
389,391.0,-1.0,-1.0
390,392.0,-1.0,-1.0
391,393.0,-1.0,-1.0
392,394.0,-1.0,-1.0
393,395.0,-1.0,-1.0
394,396.0,-1.0,-1.0
395,397.0,-1.0,-1.0
396,398.0,-1.0,-1.0
397,399.0,-1.0,-1.0
398,400.0,-1.0,-1.0
399,401.0,-1.0,-1.0
400,402.0,-1.0,-1.0
401,403.0,-1.0,-1.0
402,404.0,-1.0,-1.0
403,405.0,-1.0,-1.0
404,406.0,-1.0,-1.0
405,407.0,-1.0,-1.0
406,408.0,-1.0,-1.0
407,409.0,-1.0,-1.0
408,410.0,-1.0,-1.0
409,411.0,-1.0,-1.0
410,412.0,-1.0,-1.0
411,413.0,-1.0,-1.0
412,414.0,-1.0,-1.0
413,415.0,-1.0,-1.0
414,416.0,-1.0,-1.0
415,417.0,-1.0,-1.0
416,418.0,-1.0,-1.0
417,419.0,-1.0,-1.0
418,420.0,-1.0,-1.0
419,421.0,-1.0,-1.0
420,422.0,-1.0,-1.0
421,423.0,-1.0,-1.0
422,424.0,-1.0,-1.0
423,425.0,-1.0,-1.0
424,426.0,-1.0,-1.0
425,427.0,-1.0,-1.0
426,428.0,-1.0,-1.0
427,429.0,-1.0,-1.0
428,430.0,-1.0,-1.0
429,431.0,-1.0,-1.0
430,432.0,-1.0,-1.0
431,433.0,-1.0,-1.0
432,434.0,-1.0,-1.0
433,435.0,-1.0,-1.0
434,436.0,-1.0,-1.0
435,437.0,-1.0,-1.0
436,438.0,-1.0,-1.0
437,439.0,-1.0,-1.0
438,440.0,-1.0,-1.0
439,441.0,-1.0,-1.0
440,442.0,-1.0,-1.0
441,443.0,-1.0,-1.0
442,444.0,-1.0,-1.0
443,445.0,-1.0,-1.0
444,446.0,-1.0,-1.0
445,447.0,-1.0,-1.0
446,448.0,-1.0,-1.0
447,449.0,-1.0,-1.0
448,450.0,-1.0,-1.0
449,451.0,-1.0,-1.0
450,452.0,-1.0,-1.0
451,453.0,-1.0,-1.0
452,454.0,-1.0,-1.0
453,455.0,-1.0,-1.0
454,456.0,-1.0,-1.0
455,457.0,-1.0,-1.0
456,458.0,-1.0,-1.0
457,459.0,-1.0,-1.0
458,460.0,-1.0,-1.0
459,461.0,-1.0,-1.0
460,462.0,-1.0,-1.0
461,463.0,-1.0,-1.0
462,464.0,-1.0,-1.0
463,465.0,-1.0,-1.0
464,466.0,-1.0,-1.0
465,467.0,-1.0,-1.0
466,468.0,-1.0,-1.0
467,469.0,-1.0,-1.0
468,470.0,-1.0,-1.0
469,471.0,-1.0,-1.0
470,472.0,-1.0,-1.0
471,473.0,-1.0,-1.0
472,474.0,-1.0,-1.0
473,475.0,-1.0,-1.0
474,476.0,-1.0,-1.0
475,477.0,-1.0,-1.0
476,478.0,-1.0,-1.0
477,479.0,-1.0,-1.0
478,480.0,-1.0,-1.0
479,481.0,-1.0,-1.0
480,482.0,-1.0,-1.0
481,483.0,-1.0,-1.0
482,484.0,-1.0,-1.0
483,485.0,-1.0,-1.0
484,486.0,-1.0,-1.0
485,487.0,-1.0,-1.0
486,488.0,-1.0,-1.0
487,489.0,-1.0,-1.0
488,490.0,-1.0,-1.0
489,491.0,-1.0,-1.0
490,492.0,-1.0,-1.0
491,493.0,-1.0,-1.0
492,494.0,-1.0,-1.0
493,495.0,-1.0,-1.0
494,496.0,-1.0,-1.0
495,497.0,-1.0,-1.0
496,498.0,-1.0,-1.0
497,499.0,-1.0,-1.0
498,500.0,-1.0,-1.0
499,501.0,-1.0,-1.0
500,502.0,-1.0,-1.0
501,503.0,-1.0,-1.0
502,504.0,-1.0,-1.0
503,505.0,-1.0,-1.0
504,506.0,-1.0,-1.0
505,507.0,-1.0,-1.0
506,508.0,-1.0,-1.0
507,509.0,-1.0,-1.0
508,510.0,-1.0,-1.0
509,511.0,-1.0,-1.0
510,512.0,-1.0,-1.0
511,513.0,-1.0,-1.0
512,514.0,-1.0,-1.0
513,515.0,-1.0,-1.0
514,516.0,-1.0,-1.0
515,517.0,-1.0,-1.0
516,518.0,-1.0,-1.0
517,519.0,-1.0,-1.0
518,520.0,-1.0,-1.0
519,521.0,-1.0,-1.0
520,522.0,-1.0,-1.0
521,523.0,-1.0,-1.0
522,524.0,-1.0,-1.0
523,525.0,-1.0,-1.0
524,526.0,-1.0,-1.0
525,527.0,-1.0,-1.0
526,528.0,-1.0,-1.0
527,529.0,-1.0,-1.0
528,530.0,-1.0,-1.0
529,531.0,-1.0,-1.0
530,532.0,-1.0,-1.0
531,533.0,-1.0,-1.0
532,534.0,-1.0,-1.0
533,535.0,-1.0,-1.0
534,536.0,-1.0,-1.0
535,537.0,-1.0,-1.0
536,538.0,-1.0,-1.0
537,539.0,-1.0,-1.0
538,540.0,-1.0,-1.0
539,541.0,-1.0,-1.0
540,542.0,-1.0,-1.0
541,543.0,-1.0,-1.0
542,544.0,-1.0,-1.0
543,545.0,-1.0,-1.0
544,546.0,-1.0,-1.0
545,547.0,-1.0,-1.0
546,548.0,-1.0,-1.0
547,549.0,-1.0,-1.0
548,550.0,-1.0,-1.0
549,551.0,-1.0,-1.0
550,552.0,-1.0,-1.0
551,553.0,-1.0,-1.0
552,554.0,-1.0,-1.0
553,555.0,-1.0,-1.0
554,556.0,-1.0,-1.0
555,557.0,-1.0,-1.0
556,558.0,-1.0,-1.0
557,559.0,-1.0,-1.0
558,560.0,-1.0,-1.0
559,561.0,-1.0,-1.0
560,562.0,-1.0,-1.0
561,563.0,-1.0,-1.0
562,564.0,-1.0,-1.0
563,565.0,-1.0,-1.0
564,566.0,-1.0,-1.0
565,567.0,-1.0,-1.0
566,568.0,-1.0,-1.0
567,569.0,-1.0,-1.0
568,570.0,-1.0,-1.0
569,571.0,-1.0,-1.0
570,572.0,-1.0,-1.0
571,573.0,-1.0,-1.0
572,574.0,-1.0,-1.0
573,575.0,-1.0,-1.0
574,576.0,-1.0,-1.0
575,577.0,-1.0,-1.0
576,578.0,-1.0,-1.0
577,579.0,-1.0,-1.0
578,580.0,-1.0,-1.0
579,581.0,-1.0,-1.0
580,582.0,-1.0,-1.0
581,583.0,-1.0,-1.0
582,584.0,-1.0,-1.0
583,585.0,-1.0,-1.0
584,586.0,-1.0,-1.0
585,587.0,-1.0,-1.0
586,588.0,-1.0,-1.0
587,589.0,-1.0,-1.0
588,590.0,-1.0,-1.0
589,591.0,-1.0,-1.0
590,592.0,-1.0,-1.0
591,593.0,-1.0,-1.0
592,594.0,-1.0,-1.0
593,595.0,-1.0,-1.0
594,596.0,-1.0,-1.0
595,597.0,-1.0,-1.0
596,598.0,-1.0,-1.0
597,599.0,-1.0,-1.0
598,600.0,-1.0,-1.0
599,601.0,-1.0,-1.0
600,602.0,-1.0,-1.0
601,603.0,-1.0,-1.0
602,604.0,-1.0,-1.0
603,605.0,-1.0,-1.0
604,606.0,-1.0,-1.0
605,607.0,-1.0,-1.0
606,608.0,-1.0,-1.0
607,609.0,-1.0,-1.0
608,610.0,-1.0,-1.0
609,611.0,-1.0,-1.0
610,612.0,-1.0,-1.0
611,613.0,-1.0,-1.0
612,614.0,-1.0,-1.0
613,615.0,-1.0,-1.0
614,616.0,-1.0,-1.0
615,617.0,-1.0,-1.0
616,618.0,-1.0,-1.0
617,619.0,-1.0,-1.0
618,620.0,-1.0,-1.0
619,621.0,-1.0,-1.0
620,622.0,-1.0,-1.0
621,623.0,-1.0,-1.0
622,624.0,-1.0,-1.0
623,625.0,-1.0,-1.0
624,626.0,-1.0,-1.0
625,627.0,-1.0,-1.0
626,628.0,-1.0,-1.0
627,629.0,-1.0,-1.0
628,630.0,-1.0,-1.0
629,631.0,-1.0,-1.0
630,632.0,-1.0,-1.0
631,633.0,-1.0,-1.0
632,634.0,-1.0,-1.0
633,635.0,-1.0,-1.0
634,636.0,-1.0,-1.0
635,637.0,-1.0,-1.0
636,638.0,-1.0,-1.0
637,639.0,-1.0,-1.0
638,640.0,-1.0,-1.0
639,641.0,-1.0,-1.0
640,642.0,-1.0,-1.0
641,643.0,-1.0,-1.0
642,644.0,-1.0,-1.0
643,645.0,-1.0,-1.0
644,646.0,-1.0,-1.0
645,647.0,-1.0,-1.0
646,648.0,-1.0,-1.0
647,649.0,-1.0,-1.0
648,650.0,-1.0,-1.0
649,651.0,-1.0,-1.0
650,652.0,-1.0,-1.0
651,653.0,-1.0,-1.0
652,654.0,-1.0,-1.0
653,655.0,-1.0,-1.0
654,656.0,-1.0,-1.0
655,657.0,-1.0,-1.0
656,658.0,-1.0,-1.0
657,659.0,-1.0,-1.0
658,660.0,-1.0,-1.0
659,661.0,-1.0,-1.0
660,662.0,-1.0,-1.0
661,663.0,-1.0,-1.0
662,664.0,-1.0,-1.0
663,665.0,-1.0,-1.0
664,666.0,-1.0,-1.0
665,667.0,-1.0,-1.0
666,668.0,-1.0,-1.0
667,669.0,-1.0,-1.0
668,670.0,-1.0,-1.0
669,671.0,-1.0,-1.0
670,672.0,-1.0,-1.0
671,673.0,-1.0,-1.0
672,674.0,-1.0,-1.0
673,675.0,-1.0,-1.0
674,676.0,-1.0,-1.0
675,677.0,-1.0,-1.0
676,678.0,-1.0,-1.0
677,679.0,-1.0,-1.0
678,680.0,-1.0,-1.0
679,681.0,-1.0,-1.0
680,682.0,-1.0,-1.0
681,683.0,-1.0,-1.0
682,684.0,-1.0,-1.0
683,685.0,-1.0,-1.0
684,686.0,-1.0,-1.0
685,687.0,-1.0,-1.0
686,688.0,-1.0,-1.0
687,689.0,-1.0,-1.0
688,690.0,-1.0,-1.0
689,691.0,-1.0,-1.0
690,692.0,-1.0,-1.0
691,693.0,-1.0,-1.0
692,694.0,-1.0,-1.0
693,695.0,-1.0,-1.0
694,696.0,-1.0,-1.0
695,697.0,-1.0,-1.0
696,698.0,-1.0,-1.0
697,699.0,-1.0,-1.0
698,700.0,-1.0,-1.0
699,701.0,-1.0,-1.0
700,702.0,-1.0,-1.0
701,703.0,-1.0,-1.0
702,704.0,-1.0,-1.0
703,705.0,-1.0,-1.0
704,706.0,-1.0,-1.0
705,707.0,-1.0,-1.0
706,708.0,-1.0,-1.0
707,709.0,-1.0,-1.0
708,710.0,-1.0,-1.0
709,711.0,-1.0,-1.0
710,712.0,-1.0,-1.0
711,713.0,-1.0,-1.0
712,714.0,-1.0,-1.0
713,715.0,-1.0,-1.0
714,716.0,-1.0,-1.0
715,717.0,-1.0,-1.0
716,718.0,-1.0,-1.0
717,719.0,-1.0,-1.0
718,720.0,-1.0,-1.0
719,721.0,-1.0,-1.0
720,722.0,-1.0,-1.0
721,723.0,-1.0,-1.0
722,724.0,-1.0,-1.0
723,725.0,-1.0,-1.0
724,726.0,-1.0,-1.0
725,727.0,-1.0,-1.0
726,728.0,-1.0,-1.0
727,729.0,-1.0,-1.0
728,730.0,-1.0,-1.0
729,731.0,-1.0,-1.0
730,732.0,-1.0,-1.0
731,733.0,-1.0,-1.0
732,734.0,-1.0,-1.0
733,735.0,-1.0,-1.0
734,736.0,-1.0,-1.0
735,737.0,-1.0,-1.0
736,738.0,-1.0,-1.0
737,739.0,-1.0,-1.0
738,740.0,-1.0,-1.0
739,741.0,-1.0,-1.0
740,742.0,-1.0,-1.0
741,743.0,-1.0,-1.0
742,744.0,-1.0,-1.0
743,745.0,-1.0,-1.0
744,746.0,-1.0,-1.0
745,747.0,-1.0,-1.0
746,748.0,-1.0,-1.0
747,749.0,-1.0,-1.0
748,750.0,-1.0,-1.0
749,751.0,-1.0,-1.0
750,752.0,-1.0,-1.0
751,753.0,-1.0,-1.0
752,754.0,-1.0,-1.0
753,755.0,-1.0,-1.0
754,756.0,-1.0,-1.0
755,757.0,-1.0,-1.0
756,758.0,-1.0,-1.0
757,759.0,-1.0,-1.0
758,760.0,-1.0,-1.0
759,761.0,-1.0,-1.0
760,762.0,-1.0,-1.0
761,763.0,-1.0,-1.0
762,764.0,-1.0,-1.0
763,765.0,-1.0,-1.0
764,766.0,-1.0,-1.0
765,767.0,-1.0,-1.0
766,768.0,-1.0,-1.0
767,769.0,-1.0,-1.0
768,770.0,-1.0,-1.0
769,771.0,-1.0,-1.0
770,772.0,-1.0,-1.0
771,773.0,-1.0,-1.0
772,774.0,-1.0,-1.0
773,775.0,-1.0,-1.0
774,776.0,-1.0,-1.0
775,777.0,-1.0,-1.0
776,778.0,-1.0,-1.0
777,779.0,-1.0,-1.0
778,780.0,-1.0,-1.0
779,781.0,-1.0,-1.0
780,782.0,-1.0,-1.0
781,783.0,-1.0,-1.0
782,784.0,-1.0,-1.0
783,785.0,-1.0,-1.0
784,786.0,-1.0,-1.0
785,787.0,-1.0,-1.0
786,788.0,-1.0,-1.0
787,789.0,-1.0,-1.0
788,790.0,-1.0,-1.0
789,791.0,-1.0,-1.0
790,792.0,-1.0,-1.0
791,793.0,-1.0,-1.0
792,794.0,-1.0,-1.0
793,795.0,-1.0,-1.0
794,796.0,-1.0,-1.0
795,797.0,-1.0,-1.0
796,798.0,-1.0,-1.0
797,799.0,-1.0,-1.0
798,800.0,-1.0,-1.0
799,801.0,-1.0,-1.0
800,802.0,-1.0,-1.0
801,803.0,-1.0,-1.0
802,804.0,-1.0,-1.0
803,805.0,-1.0,-1.0
804,806.0,-1.0,-1.0
805,807.0,-1.0,-1.0
806,808.0,-1.0,-1.0
807,809.0,-1.0,-1.0
808,810.0,-1.0,-1.0
809,811.0,-1.0,-1.0
810,812.0,-1.0,-1.0
811,813.0,-1.0,-1.0
812,814.0,-1.0,-1.0
813,815.0,-1.0,-1.0
814,816.0,-1.0,-1.0
815,817.0,-1.0,-1.0
816,818.0,-1.0,-1.0
817,819.0,-1.0,-1.0
818,820.0,-1.0,-1.0
819,821.0,-1.0,-1.0
820,822.0,-1.0,-1.0
821,823.0,-1.0,-1.0
822,824.0,-1.0,-1.0
823,825.0,-1.0,-1.0
824,826.0,-1.0,-1.0
825,827.0,-1.0,-1.0
826,828.0,-1.0,-1.0
827,829.0,-1.0,-1.0
828,830.0,-1.0,-1.0
829,831.0,-1.0,-1.0
830,832.0,-1.0,-1.0
831,833.0,-1.0,-1.0
832,834.0,-1.0,-1.0
833,835.0,-1.0,-1.0
834,836.0,-1.0,-1.0
835,837.0,-1.0,-1.0
836,838.0,-1.0,-1.0
837,839.0,-1.0,-1.0
838,840.0,-1.0,-1.0
839,841.0,-1.0,-1.0
840,842.0,-1.0,-1.0
841,843.0,-1.0,-1.0
842,844.0,-1.0,-1.0
843,845.0,-1.0,-1.0
844,846.0,-1.0,-1.0
845,847.0,-1.0,-1.0
846,848.0,-1.0,-1.0
847,849.0,-1.0,-1.0
848,850.0,-1.0,-1.0
849,851.0,-1.0,-1.0
850,852.0,-1.0,-1.0
851,853.0,-1.0,-1.0
852,854.0,-1.0,-1.0
853,855.0,-1.0,-1.0
854,856.0,-1.0,-1.0
855,857.0,-1.0,-1.0
856,858.0,-1.0,-1.0
857,859.0,-1.0,-1.0
858,860.0,-1.0,-1.0
859,861.0,-1.0,-1.0
860,862.0,-1.0,-1.0
861,863.0,-1.0,-1.0
862,864.0,-1.0,-1.0
863,865.0,-1.0,-1.0
864,866.0,-1.0,-1.0
865,867.0,-1.0,-1.0
866,868.0,-1.0,-1.0
867,869.0,-1.0,-1.0
868,870.0,-1.0,-1.0
869,871.0,-1.0,-1.0
870,872.0,-1.0,-1.0
871,873.0,-1.0,-1.0
872,874.0,-1.0,-1.0
873,875.0,-1.0,-1.0
874,876.0,-1.0,-1.0
875,877.0,-1.0,-1.0
876,878.0,-1.0,-1.0
877,879.0,-1.0,-1.0
878,880.0,-1.0,-1.0
879,881.0,-1.0,-1.0
880,882.0,-1.0,-1.0
881,883.0,-1.0,-1.0
882,884.0,-1.0,-1.0
883,885.0,-1.0,-1.0
884,886.0,-1.0,-1.0
885,887.0,-1.0,-1.0
886,888.0,-1.0,-1.0
887,889.0,-1.0,-1.0
888,890.0,-1.0,-1.0
889,891.0,-1.0,-1.0
890,892.0,-1.0,-1.0
891,893.0,-1.0,-1.0
892,894.0,-1.0,-1.0
893,895.0,-1.0,-1.0
894,896.0,-1.0,-1.0
895,897.0,-1.0,-1.0
896,898.0,-1.0,-1.0
897,899.0,-1.0,-1.0
898,900.0,-1.0,-1.0
899,901.0,-1.0,-1.0
900,902.0,-1.0,-1.0
901,903.0,-1.0,-1.0
902,904.0,-1.0,-1.0
903,905.0,-1.0,-1.0
904,906.0,-1.0,-1.0
905,907.0,-1.0,-1.0
906,908.0,-1.0,-1.0
907,909.0,-1.0,-1.0
908,910.0,-1.0,-1.0
909,911.0,-1.0,-1.0
910,912.0,-1.0,-1.0
911,913.0,-1.0,-1.0
912,914.0,-1.0,-1.0
913,915.0,-1.0,-1.0
914,916.0,-1.0,-1.0
915,917.0,-1.0,-1.0
916,918.0,-1.0,-1.0
917,919.0,-1.0,-1.0
918,920.0,-1.0,-1.0
919,921.0,-1.0,-1.0
920,922.0,-1.0,-1.0
921,923.0,-1.0,-1.0
922,924.0,-1.0,-1.0
923,925.0,-1.0,-1.0
924,926.0,-1.0,-1.0
925,927.0,-1.0,-1.0
926,928.0,-1.0,-1.0
927,929.0,-1.0,-1.0
928,930.0,-1.0,-1.0
929,931.0,-1.0,-1.0
930,932.0,-1.0,-1.0
931,933.0,-1.0,-1.0
932,934.0,-1.0,-1.0
933,935.0,-1.0,-1.0
934,936.0,-1.0,-1.0
935,937.0,-1.0,-1.0
936,938.0,-1.0,-1.0
937,939.0,-1.0,-1.0
938,940.0,-1.0,-1.0
939,941.0,-1.0,-1.0
940,942.0,-1.0,-1.0
941,943.0,-1.0,-1.0
942,944.0,-1.0,-1.0
943,945.0,-1.0,-1.0
944,946.0,-1.0,-1.0
945,947.0,-1.0,-1.0
946,948.0,-1.0,-1.0
947,949.0,-1.0,-1.0
948,950.0,-1.0,-1.0
949,951.0,-1.0,-1.0
950,952.0,-1.0,-1.0
951,953.0,-1.0,-1.0
952,954.0,-1.0,-1.0
953,955.0,-1.0,-1.0
954,956.0,-1.0,-1.0
955,957.0,-1.0,-1.0
956,958.0,-1.0,-1.0
957,959.0,-1.0,-1.0
958,960.0,-1.0,-1.0
959,961.0,-1.0,-1.0
960,962.0,-1.0,-1.0
961,963.0,-1.0,-1.0
962,964.0,-1.0,-1.0
963,965.0,-1.0,-1.0
964,966.0,-1.0,-1.0
965,967.0,-1.0,-1.0
966,968.0,-1.0,-1.0
967,969.0,-1.0,-1.0
968,970.0,-1.0,-1.0
969,971.0,-1.0,-1.0
970,972.0,-1.0,-1.0
971,973.0,-1.0,-1.0
972,974.0,-1.0,-1.0
973,975.0,-1.0,-1.0
974,976.0,-1.0,-1.0
975,977.0,-1.0,-1.0
976,978.0,-1.0,-1.0
977,979.0,-1.0,-1.0
978,980.0,-1.0,-1.0
979,981.0,-1.0,-1.0
980,982.0,-1.0,-1.0
981,983.0,-1.0,-1.0
982,984.0,-1.0,-1.0
983,985.0,-1.0,-1.0
984,986.0,-1.0,-1.0
985,987.0,-1.0,-1.0
986,988.0,-1.0,-1.0
987,989.0,-1.0,-1.0
988,990.0,-1.0,-1.0
989,991.0,-1.0,-1.0
990,992.0,-1.0,-1.0
991,993.0,-1.0,-1.0
992,994.0,-1.0,-1.0
993,995.0,-1.0,-1.0
994,996.0,-1.0,-1.0
995,997.0,-1.0,-1.0
996,998.0,-1.0,-1.0
997,999.0,-1.0,-1.0
998,1000.0,-1.0,-1.0
999,1001.0,-1.0,-1.0
1000,1002.0,-1.0,-1.0
1001,1003.0,-1.0,-1.0
1002,1004.0,-1.0,-1.0
1003,1005.0,-1.0,-1.0
1004,1006.0,-1.0,-1.0
1005,1007.0,-1.0,-1.0
1006,1008.0,-1.0,-1.0
1007,1009.0,-1.0,-1.0
1008,1010.0,-1.0,-1.0
1009,1011.0,-1.0,-1.0
1010,1012.0,-1.0,-1.0
1011,1013.0,-1.0,-1.0
1012,1014.0,-1.0,-1.0
1013,1015.0,-1.0,-1.0
1014,1016.0,-1.0,-1.0
1015,1017.0,-1.0,-1.0
1016,1018.0,-1.0,-1.0
1017,1019.0,-1.0,-1.0
1018,1020.0,-1.0,-1.0
1019,1021.0,-1.0,-1.0
1020,1022.0,-1.0,-1.0
1021,1023.0,-1.0,-1.0
1022,1024.0,-1.0,-1.0
1023,1025.0,-1.0,-1.0
1024,1026.0,-1.0,-1.0
1025,1027.0,-1.0,-1.0
1026,1028.0,-1.0,-1.0
1027,1029.0,-1.0,-1.0
1028,1030.0,-1.0,-1.0
